{
    "X_OFFSET": 27.309375000000003,
    "Y_OFFSET": -37.23125,
    "Z_OFFSET": 55.150000000000006
}