{
    "X_OFFSET": 33.25,
    "Y_OFFSET": -27.734375000000004,
    "Z_OFFSET": 27.262499999999996
}